{"cameraMode":{"drawMode":0,"name":"Shaded","section":"Shading Mode"},"sceneLighting":true,"audioPlay":false,"sceneViewState":{"m_AlwaysRefresh":false,"showFog":true,"showSkybox":true,"showFlares":true,"showImageEffects":true,"showParticleSystems":true,"showVisualEffectGraphs":true,"m_FxEnabled":true},"in2DMode":false,"pivot":{"x":30.497270584106447,"y":-5.451675891876221,"z":24.549304962158204},"rotation":{"x":0.13432393968105317,"y":0.5486359000205994,"z":-0.08983936905860901,"w":0.8202993273735046},"size":13.992253303527832,"orthographic":false}