{"cameraMode":{"drawMode":0,"name":"Shaded","section":"Shading Mode"},"sceneLighting":false,"audioPlay":false,"sceneViewState":{"m_AlwaysRefresh":false,"showFog":false,"showSkybox":false,"showFlares":false,"showImageEffects":false,"showParticleSystems":false,"showVisualEffectGraphs":true,"m_FxEnabled":true},"in2DMode":false,"pivot":{"x":0.11363112926483154,"y":1.0516066551208497,"z":-0.13997936248779298},"rotation":{"x":-0.01664627157151699,"y":0.9526585936546326,"z":-0.05324171856045723,"w":-0.2990894317626953},"size":1.2612555027008057,"orthographic":false}